model,fold,accuracy,precision,f1_score
lstm,1,0.6754912663755459,0.6738487993417015,0.6740365620322826
lstm,2,0.6819050218340611,0.6893015466254542,0.6817118472121378
lstm,3,0.6565229257641921,0.6607849871033233,0.6554919690700555
bilstm,1,0.6593886462882096,0.6680475492727508,0.6610002745332907
bilstm,2,0.6696233624454149,0.6748508318985149,0.6710246703907151
bilstm,3,0.6735807860262009,0.6730750231231445,0.6723082737326177
