model,accuracy_mean,accuracy_std,precision_mean,precision_std,f1_score_mean,f1_score_std
bilstm,0.6675309315866085,0.007323790532219761,0.6719911347648034,0.003528777989831116,0.6681110728855412,0.006191486032416772
lstm,0.671306404657933,0.013198390088252077,0.674645111023493,0.01427494749432466,0.6704134594381586,0.013480194981975335
